dataset,nrows,ncols,run,seed,i_5CV_logloss,p_5CV_logloss,i_TST_logloss,p_TST_logloss,i_geo_complexity,p_geo_complexity,i_nfs_complexity,p_nfs_complexity,i_H_total,i_H_active,i_C_inconsistentes,i_k_promedio_activas,p_H_total,p_H_active,p_C_inconsistentes,p_k_promedio_activas,i_best_model,p_best_model,i_d,p_d,i_l,p_l,i_f,p_f,i_tree_nfs,p_tree_nfs,i_tree_used_fs,p_tree_used_fs,i_selected_fs,p_selected_fs
Long.csv,4477,20,0,0,0.000193,0.000262,0.000352,0.000741,1.0842105263157895,1.0842105263157895,4,4.0,1,1,0,3.0,1,1,0,3.0,"MLPClassifier(activation='logistic', alpha=1.2256923016778832e-05,
              hidden_layer_sizes=1, max_iter=500, random_state=12345,
              solver='lbfgs')","MLPClassifier(activation='logistic', alpha=1e-05, hidden_layer_sizes=1,
              max_iter=500, random_state=12345, solver='lbfgs')",,,,,,,4,4,['x11' 'x12' 'x16' 'x18'],['x8' 'x12' 'x16' 'x18'],['x11' 'x12' 'x16' 'x18'],['x8' 'x12' 'x16' 'x18']
Titanic.csv,2201,4,0,0,0.488634,0.488634,0.467242,0.467242,20.0,20.0,3,3.0,10,10,3,2.2,10,10,3,2.2,"MLPClassifier(activation='logistic', alpha=1e-05, hidden_layer_sizes=10,
              max_iter=500, random_state=12345, solver='lbfgs')","MLPClassifier(activation='logistic', alpha=1e-05, hidden_layer_sizes=10,
              max_iter=500, random_state=12345, solver='lbfgs')",,,,,,,3,3,['Class' 'Age' 'Sex'],['Class' 'Age' 'Sex'],['Class' 'Age' 'Sex'],['Class' 'Age' 'Sex']
compas.csv,5278,20,0,0,0.603179,0.602338,0.59577,0.601255,2.631578947368421,8.021052631578947,9,7.0,2,2,2,6.5,8,6,6,5.166666666666667,"MLPClassifier(activation='logistic', alpha=0.1427994555237776,
              hidden_layer_sizes=2, max_iter=500, random_state=12345,
              solver='lbfgs')","MLPClassifier(activation='logistic', alpha=1.3700915224253547,
              hidden_layer_sizes=8, max_iter=500, random_state=12345,
              solver='lbfgs')",,,,,,,9,7,"['sex_0' 'sex_1' 'age' 'priors_count' 'age_cat_Greaterthan45_0'
 'age_cat_Greaterthan45_1' 'age_cat_Lessthan25_0' 'age_cat_Lessthan25_1'
 'race_Caucasian_0']","['sex_0' 'age' 'juv_fel_count' 'juv_misd_count' 'juv_other_count'
 'priors_count' 'race_Caucasian_0']","['sex_0' 'sex_1' 'age' 'priors_count' 'age_cat_Greaterthan45_0'
 'age_cat_Greaterthan45_1' 'age_cat_Lessthan25_0' 'age_cat_Lessthan25_1'
 'race_Caucasian_0']","['sex_0' 'age' 'juv_fel_count' 'juv_misd_count' 'juv_other_count'
 'priors_count' 'race_Caucasian_0']"
twonorm.csv,7400,21,0,0,0.058705,0.059141,0.066834,0.066421,1.4,16.799999999999997,20,20.0,1,1,0,15.0,12,12,0,15.0,"MLPClassifier(activation='logistic', alpha=0.013141046215382722,
              hidden_layer_sizes=1, max_iter=500, random_state=12345,
              solver='lbfgs')","MLPClassifier(activation='logistic', alpha=4.600104892506427,
              hidden_layer_sizes=12, max_iter=500, random_state=12345,
              solver='lbfgs')",,,,,,,20,20,"['V1' 'V2' 'V3' 'V4' 'V5' 'V6' 'V7' 'V8' 'V9' 'V10' 'V11' 'V12' 'V13'
 'V14' 'V15' 'V16' 'V17' 'V18' 'V19' 'V20']","['V1' 'V2' 'V3' 'V4' 'V5' 'V6' 'V7' 'V8' 'V9' 'V10' 'V11' 'V12' 'V13'
 'V14' 'V15' 'V16' 'V17' 'V18' 'V19' 'V20']","['V1' 'V2' 'V3' 'V4' 'V5' 'V6' 'V7' 'V8' 'V9' 'V10' 'V11' 'V12' 'V13'
 'V14' 'V15' 'V16' 'V17' 'V18' 'V19' 'V20']","['V1' 'V2' 'V3' 'V4' 'V5' 'V6' 'V7' 'V8' 'V9' 'V10' 'V11' 'V12' 'V13'
 'V14' 'V15' 'V16' 'V17' 'V18' 'V19' 'V20']"
Long.csv,4477,20,1,1234,0.000117,0.000117,0.001567,0.002156,1.0842105263157895,1.1052631578947367,4,5.0,1,1,0,3.0,1,1,0,4.0,"MLPClassifier(activation='logistic', alpha=1e-05, hidden_layer_sizes=1,
              max_iter=500, random_state=12345, solver='lbfgs')","MLPClassifier(activation='logistic', alpha=1e-05, hidden_layer_sizes=1,
              max_iter=500, random_state=12345, solver='lbfgs')",,,,,,,4,5,['x12' 'x13' 'x16' 'x18'],['x3' 'x7' 'x12' 'x13' 'x18'],['x12' 'x13' 'x16' 'x18'],['x3' 'x7' 'x12' 'x13' 'x18']
Titanic.csv,2201,4,1,1234,0.492311,0.492311,0.464076,0.464076,22.0,22.0,3,3.0,13,11,3,2.272727272727273,13,11,3,2.272727272727273,"MLPClassifier(activation='logistic', alpha=1e-05, hidden_layer_sizes=13,
              max_iter=500, random_state=12345, solver='lbfgs')","MLPClassifier(activation='logistic', alpha=1e-05, hidden_layer_sizes=13,
              max_iter=500, random_state=12345, solver='lbfgs')",,,,,,,3,3,['Class' 'Age' 'Sex'],['Class' 'Age' 'Sex'],['Class' 'Age' 'Sex'],['Class' 'Age' 'Sex']
compas.csv,5278,20,1,1234,0.595881,0.594761,0.621615,0.623906,6.063157894736842,9.210526315789473,11,6.0,4,4,9,8.25,8,7,6,4.428571428571429,"MLPClassifier(activation='logistic', alpha=1.9917287996798443,
              hidden_layer_sizes=4, max_iter=500, random_state=12345,
              solver='lbfgs')","MLPClassifier(activation='logistic', alpha=1.0582037261701616,
              hidden_layer_sizes=8, max_iter=500, random_state=12345,
              solver='lbfgs')",,,,,,,11,6,"['sex_0' 'age' 'juv_misd_count' 'juv_other_count' 'priors_count'
 'age_cat_25-45_0' 'age_cat_Greaterthan45_1' 'age_cat_Lessthan25_1'
 'race_African-American_0' 'race_Caucasian_0' 'race_Caucasian_1']","['sex_0' 'age' 'juv_other_count' 'priors_count' 'race_African-American_0'
 'race_Caucasian_0']","['sex_0' 'age' 'juv_misd_count' 'juv_other_count' 'priors_count'
 'age_cat_25-45_0' 'age_cat_Greaterthan45_1' 'age_cat_Lessthan25_1'
 'race_African-American_0' 'race_Caucasian_0' 'race_Caucasian_1']","['sex_0' 'age' 'juv_other_count' 'priors_count' 'race_African-American_0'
 'race_Caucasian_0']"
twonorm.csv,7400,21,1,1234,0.06126,0.061254,0.058272,0.058836,1.4,19.599999999999998,20,20.0,1,1,0,15.0,15,14,0,15.0,"MLPClassifier(activation='logistic', alpha=0.016100590670743663,
              hidden_layer_sizes=1, max_iter=500, random_state=12345,
              solver='lbfgs')","MLPClassifier(activation='logistic', alpha=3.56984209456009,
              hidden_layer_sizes=15, max_iter=500, random_state=12345,
              solver='lbfgs')",,,,,,,20,20,"['V1' 'V2' 'V3' 'V4' 'V5' 'V6' 'V7' 'V8' 'V9' 'V10' 'V11' 'V12' 'V13'
 'V14' 'V15' 'V16' 'V17' 'V18' 'V19' 'V20']","['V1' 'V2' 'V3' 'V4' 'V5' 'V6' 'V7' 'V8' 'V9' 'V10' 'V11' 'V12' 'V13'
 'V14' 'V15' 'V16' 'V17' 'V18' 'V19' 'V20']","['V1' 'V2' 'V3' 'V4' 'V5' 'V6' 'V7' 'V8' 'V9' 'V10' 'V11' 'V12' 'V13'
 'V14' 'V15' 'V16' 'V17' 'V18' 'V19' 'V20']","['V1' 'V2' 'V3' 'V4' 'V5' 'V6' 'V7' 'V8' 'V9' 'V10' 'V11' 'V12' 'V13'
 'V14' 'V15' 'V16' 'V17' 'V18' 'V19' 'V20']"
Titanic.csv,2201,4,2,2468,0.4864,0.4864,0.482434,0.482434,14.0,14.0,3,3.0,7,7,3,2.2857142857142856,7,7,3,2.2857142857142856,"MLPClassifier(activation='logistic', alpha=1e-05, hidden_layer_sizes=7,
              max_iter=500, random_state=12345, solver='lbfgs')","MLPClassifier(activation='logistic', alpha=1e-05, hidden_layer_sizes=7,
              max_iter=500, random_state=12345, solver='lbfgs')",,,,,,,3,3,['Class' 'Age' 'Sex'],['Class' 'Age' 'Sex'],['Class' 'Age' 'Sex'],['Class' 'Age' 'Sex']
Long.csv,4477,20,2,2468,5.8e-05,3.8e-05,0.001596,0.001919,1.063157894736842,1.0842105263157895,3,4.0,1,1,0,2.0,1,1,0,3.0,"MLPClassifier(activation='logistic', alpha=1.0000000000000003e-05,
              hidden_layer_sizes=1, max_iter=500, random_state=12345,
              solver='lbfgs')","MLPClassifier(activation='logistic', alpha=1e-05, hidden_layer_sizes=1,
              max_iter=500, random_state=12345, solver='lbfgs')",,,,,,,3,4,['x12' 'x16' 'x18'],['x4' 'x12' 'x16' 'x18'],['x12' 'x16' 'x18'],['x4' 'x12' 'x16' 'x18']
compas.csv,5278,20,2,2468,0.60312,0.604188,0.599565,0.597022,3.8526315789473684,2.2315789473684213,6,4.0,3,3,2,4.333333333333333,2,2,0,3.0,"MLPClassifier(activation='logistic', alpha=2.0297660543164304,
              hidden_layer_sizes=3, max_iter=500, random_state=12345,
              solver='lbfgs')","MLPClassifier(activation='logistic', alpha=1e-05, hidden_layer_sizes=2,
              max_iter=500, random_state=12345, solver='lbfgs')",,,,,,,6,4,"['sex_1' 'age' 'juv_other_count' 'priors_count' 'age_cat_25-45_0'
 'race_Caucasian_0']",['sex_1' 'age' 'priors_count' 'race_African-American_1'],"['sex_1' 'age' 'juv_other_count' 'priors_count' 'age_cat_25-45_0'
 'race_Caucasian_0']",['sex_1' 'age' 'priors_count' 'race_African-American_1']
Long.csv,4477,20,3,3702,0.000253,0.000253,0.000311,0.000311,1.063157894736842,1.063157894736842,3,3.0,1,1,0,2.0,1,1,0,2.0,"MLPClassifier(activation='logistic', alpha=1.0000000000000004e-05,
              hidden_layer_sizes=1, max_iter=500, random_state=12345,
              solver='lbfgs')","MLPClassifier(activation='logistic', alpha=1e-05, hidden_layer_sizes=1,
              max_iter=500, random_state=12345, solver='lbfgs')",,,,,,,3,3,['x11' 'x12' 'x18'],['x11' 'x12' 'x18'],['x11' 'x12' 'x18'],['x11' 'x12' 'x18']
compas.csv,5278,20,3,3702,0.610477,0.610296,0.583104,0.584877,2.5263157894736845,2.2315789473684213,8,4.0,2,2,3,6.0,2,2,0,3.0,"MLPClassifier(activation='logistic', alpha=0.27917527880828585,
              hidden_layer_sizes=2, max_iter=500, random_state=12345,
              solver='lbfgs')","MLPClassifier(activation='logistic', alpha=0.336639801856259,
              hidden_layer_sizes=2, max_iter=500, random_state=12345,
              solver='lbfgs')",,,,,,,8,4,"['sex_0' 'sex_1' 'age' 'priors_count' 'age_cat_Greaterthan45_0'
 'race_African-American_0' 'race_African-American_1' 'race_Caucasian_1']",['sex_0' 'age' 'priors_count' 'race_African-American_1'],"['sex_0' 'sex_1' 'age' 'priors_count' 'age_cat_Greaterthan45_0'
 'race_African-American_0' 'race_African-American_1' 'race_Caucasian_1']",['sex_0' 'age' 'priors_count' 'race_African-American_1']
Titanic.csv,2201,4,3,3702,0.485932,0.485932,0.507569,0.507569,10.0,10.0,3,3.0,6,5,3,2.2,6,5,3,2.2,"MLPClassifier(activation='logistic', alpha=1e-05, hidden_layer_sizes=6,
              max_iter=500, random_state=12345, solver='lbfgs')","MLPClassifier(activation='logistic', alpha=1e-05, hidden_layer_sizes=6,
              max_iter=500, random_state=12345, solver='lbfgs')",,,,,,,3,3,['Class' 'Age' 'Sex'],['Class' 'Age' 'Sex'],['Class' 'Age' 'Sex'],['Class' 'Age' 'Sex']
twonorm.csv,7400,21,2,2468,0.064139,0.063999,0.053822,0.055721,1.4,18.2,20,20.0,1,1,0,15.0,13,13,0,15.0,"MLPClassifier(activation='logistic', alpha=0.0148813394674525,
              hidden_layer_sizes=1, max_iter=500, random_state=12345,
              solver='lbfgs')","MLPClassifier(activation='logistic', alpha=4.244896395062867,
              hidden_layer_sizes=13, max_iter=500, random_state=12345,
              solver='lbfgs')",,,,,,,20,20,"['V1' 'V2' 'V3' 'V4' 'V5' 'V6' 'V7' 'V8' 'V9' 'V10' 'V11' 'V12' 'V13'
 'V14' 'V15' 'V16' 'V17' 'V18' 'V19' 'V20']","['V1' 'V2' 'V3' 'V4' 'V5' 'V6' 'V7' 'V8' 'V9' 'V10' 'V11' 'V12' 'V13'
 'V14' 'V15' 'V16' 'V17' 'V18' 'V19' 'V20']","['V1' 'V2' 'V3' 'V4' 'V5' 'V6' 'V7' 'V8' 'V9' 'V10' 'V11' 'V12' 'V13'
 'V14' 'V15' 'V16' 'V17' 'V18' 'V19' 'V20']","['V1' 'V2' 'V3' 'V4' 'V5' 'V6' 'V7' 'V8' 'V9' 'V10' 'V11' 'V12' 'V13'
 'V14' 'V15' 'V16' 'V17' 'V18' 'V19' 'V20']"
Titanic.csv,2201,4,4,4936,0.495752,0.492527,0.459015,0.457789,28.0,10.0,3,3.0,14,14,3,2.2142857142857144,7,5,3,2.2,"MLPClassifier(activation='logistic', alpha=1e-05, hidden_layer_sizes=14,
              max_iter=500, random_state=12345, solver='lbfgs')","MLPClassifier(activation='logistic', alpha=0.048560971153339114,
              hidden_layer_sizes=7, max_iter=500, random_state=12345,
              solver='lbfgs')",,,,,,,3,3,['Class' 'Age' 'Sex'],['Class' 'Age' 'Sex'],['Class' 'Age' 'Sex'],['Class' 'Age' 'Sex']
compas.csv,5278,20,4,4936,0.603424,0.598851,0.60946,0.609104,3.568421052631579,2.336842105263158,6,5.0,3,3,1,4.333333333333333,2,2,0,3.5,"MLPClassifier(activation='logistic', alpha=5.962981083277711,
              hidden_layer_sizes=3, max_iter=500, random_state=12345,
              solver='lbfgs')","MLPClassifier(activation='logistic', alpha=1e-05, hidden_layer_sizes=2,
              max_iter=500, random_state=12345, solver='lbfgs')",,,,,,,6,5,"['sex_1' 'age' 'juv_other_count' 'priors_count' 'age_cat_25-45_1'
 'age_cat_Greaterthan45_1']","['sex_0' 'age' 'priors_count' 'age_cat_Greaterthan45_0'
 'race_African-American_1']","['sex_1' 'age' 'juv_other_count' 'priors_count' 'age_cat_25-45_1'
 'age_cat_Greaterthan45_1']","['sex_0' 'age' 'priors_count' 'age_cat_Greaterthan45_0'
 'race_African-American_1']"
Long.csv,4477,20,4,4936,0.000361,0.000363,0.000334,0.000149,1.0842105263157895,1.063157894736842,4,3.0,1,1,0,3.0,1,1,0,2.0,"MLPClassifier(activation='logistic', alpha=1e-05, hidden_layer_sizes=1,
              max_iter=500, random_state=12345, solver='lbfgs')","MLPClassifier(activation='logistic', alpha=1e-05, hidden_layer_sizes=1,
              max_iter=500, random_state=12345, solver='lbfgs')",,,,,,,4,3,['x11' 'x12' 'x13' 'x18'],['x11' 'x12' 'x18'],['x11' 'x12' 'x13' 'x18'],['x11' 'x12' 'x18']
twonorm.csv,7400,21,3,3702,0.059271,0.058795,0.064235,0.06374,14.0,20.020000000000003,20,20.0,10,10,0,15.0,14,14,0,15.0,"MLPClassifier(activation='logistic', alpha=3.2417150875568694,
              hidden_layer_sizes=10, max_iter=500, random_state=12345,
              solver='lbfgs')","MLPClassifier(activation='logistic', alpha=2.8448710475740255,
              hidden_layer_sizes=14, max_iter=500, random_state=12345,
              solver='lbfgs')",,,,,,,20,20,"['V1' 'V2' 'V3' 'V4' 'V5' 'V6' 'V7' 'V8' 'V9' 'V10' 'V11' 'V12' 'V13'
 'V14' 'V15' 'V16' 'V17' 'V18' 'V19' 'V20']","['V1' 'V2' 'V3' 'V4' 'V5' 'V6' 'V7' 'V8' 'V9' 'V10' 'V11' 'V12' 'V13'
 'V14' 'V15' 'V16' 'V17' 'V18' 'V19' 'V20']","['V1' 'V2' 'V3' 'V4' 'V5' 'V6' 'V7' 'V8' 'V9' 'V10' 'V11' 'V12' 'V13'
 'V14' 'V15' 'V16' 'V17' 'V18' 'V19' 'V20']","['V1' 'V2' 'V3' 'V4' 'V5' 'V6' 'V7' 'V8' 'V9' 'V10' 'V11' 'V12' 'V13'
 'V14' 'V15' 'V16' 'V17' 'V18' 'V19' 'V20']"
Long.csv,4477,20,5,6170,0.000129,0.000133,0.011217,0.013352,1.1052631578947367,1.0842105263157895,5,4.0,1,1,0,4.0,1,1,0,3.0,"MLPClassifier(activation='logistic', alpha=1e-05, hidden_layer_sizes=1,
              max_iter=500, random_state=12345, solver='lbfgs')","MLPClassifier(activation='logistic', alpha=1.2097434635511436e-05,
              hidden_layer_sizes=1, max_iter=500, random_state=12345,
              solver='lbfgs')",,,,,,,5,4,['x1' 'x5' 'x7' 'x12' 'x18'],['x1' 'x7' 'x12' 'x18'],['x1' 'x5' 'x7' 'x12' 'x18'],['x1' 'x7' 'x12' 'x18']
Titanic.csv,2201,4,5,6170,0.477809,0.477809,0.492489,0.492489,16.0,16.0,3,3.0,9,8,3,2.25,9,8,3,2.25,"MLPClassifier(activation='logistic', alpha=1e-05, hidden_layer_sizes=9,
              max_iter=500, random_state=12345, solver='lbfgs')","MLPClassifier(activation='logistic', alpha=1e-05, hidden_layer_sizes=9,
              max_iter=500, random_state=12345, solver='lbfgs')",,,,,,,3,3,['Class' 'Age' 'Sex'],['Class' 'Age' 'Sex'],['Class' 'Age' 'Sex'],['Class' 'Age' 'Sex']
compas.csv,5278,20,5,6170,0.601678,0.601093,0.60268,0.604792,2.2315789473684213,3.347368421052632,4,4.0,2,2,0,3.0,3,3,0,3.0,"MLPClassifier(activation='logistic', alpha=0.21953029883542308,
              hidden_layer_sizes=2, max_iter=500, random_state=12345,
              solver='lbfgs')","MLPClassifier(activation='logistic', alpha=0.1568826552742122,
              hidden_layer_sizes=3, max_iter=500, random_state=12345,
              solver='lbfgs')",,,,,,,4,4,['sex_1' 'age' 'priors_count' 'age_cat_Greaterthan45_0'],['sex_0' 'sex_1' 'age' 'priors_count'],['sex_1' 'age' 'priors_count' 'age_cat_Greaterthan45_0'],['sex_0' 'sex_1' 'age' 'priors_count']
twonorm.csv,7400,21,4,4936,0.061715,0.061781,0.059424,0.059008,18.040000000000003,20.020000000000003,20,20.0,11,11,3,15.0,14,14,0,15.0,"MLPClassifier(activation='logistic', alpha=3.124658892181524,
              hidden_layer_sizes=11, max_iter=500, random_state=12345,
              solver='lbfgs')","MLPClassifier(activation='logistic', alpha=3.8144550987768375,
              hidden_layer_sizes=14, max_iter=500, random_state=12345,
              solver='lbfgs')",,,,,,,20,20,"['V1' 'V2' 'V3' 'V4' 'V5' 'V6' 'V7' 'V8' 'V9' 'V10' 'V11' 'V12' 'V13'
 'V14' 'V15' 'V16' 'V17' 'V18' 'V19' 'V20']","['V1' 'V2' 'V3' 'V4' 'V5' 'V6' 'V7' 'V8' 'V9' 'V10' 'V11' 'V12' 'V13'
 'V14' 'V15' 'V16' 'V17' 'V18' 'V19' 'V20']","['V1' 'V2' 'V3' 'V4' 'V5' 'V6' 'V7' 'V8' 'V9' 'V10' 'V11' 'V12' 'V13'
 'V14' 'V15' 'V16' 'V17' 'V18' 'V19' 'V20']","['V1' 'V2' 'V3' 'V4' 'V5' 'V6' 'V7' 'V8' 'V9' 'V10' 'V11' 'V12' 'V13'
 'V14' 'V15' 'V16' 'V17' 'V18' 'V19' 'V20']"
Titanic.csv,2201,4,6,7404,0.483234,0.483234,0.481438,0.481438,26.0,26.0,3,3.0,14,13,3,2.230769230769231,14,13,3,2.230769230769231,"MLPClassifier(activation='logistic', alpha=1e-05, hidden_layer_sizes=14,
              max_iter=500, random_state=12345, solver='lbfgs')","MLPClassifier(activation='logistic', alpha=1.0000000000000004e-05,
              hidden_layer_sizes=14, max_iter=500, random_state=12345,
              solver='lbfgs')",,,,,,,3,3,['Class' 'Age' 'Sex'],['Class' 'Age' 'Sex'],['Class' 'Age' 'Sex'],['Class' 'Age' 'Sex']
compas.csv,5278,20,6,7404,0.600665,0.601166,0.607288,0.605304,2.4842105263157896,5.136842105263158,7,6.0,2,2,2,5.0,4,4,5,4.5,"MLPClassifier(activation='logistic', alpha=0.3837385511048399,
              hidden_layer_sizes=2, max_iter=500, random_state=12345,
              solver='lbfgs')","MLPClassifier(activation='logistic', alpha=2.356089891048373,
              hidden_layer_sizes=4, max_iter=500, random_state=12345,
              solver='lbfgs')",,,,,,,7,6,"['sex_0' 'sex_1' 'age' 'juv_other_count' 'priors_count'
 'race_African-American_1' 'c_charge_degree_M']","['sex_1' 'age' 'juv_other_count' 'priors_count' 'age_cat_25-45_1'
 'race_African-American_0']","['sex_0' 'sex_1' 'age' 'juv_other_count' 'priors_count'
 'race_African-American_1' 'c_charge_degree_M']","['sex_1' 'age' 'juv_other_count' 'priors_count' 'age_cat_25-45_1'
 'race_African-American_0']"
Long.csv,4477,20,6,7404,0.000114,0.000114,0.001225,0.001225,1.063157894736842,1.063157894736842,3,3.0,1,1,0,2.0,1,1,0,2.0,"MLPClassifier(activation='logistic', alpha=1e-05, hidden_layer_sizes=1,
              max_iter=500, random_state=12345, solver='lbfgs')","MLPClassifier(activation='logistic', alpha=1e-05, hidden_layer_sizes=1,
              max_iter=500, random_state=12345, solver='lbfgs')",,,,,,,3,3,['x8' 'x12' 'x18'],['x8' 'x12' 'x18'],['x8' 'x12' 'x18'],['x8' 'x12' 'x18']
twonorm.csv,7400,21,5,6170,0.057895,0.057659,0.067757,0.066754,1.4,20.020000000000003,20,20.0,1,1,0,15.0,15,14,0,15.0,"MLPClassifier(activation='logistic', alpha=0.019877993710424063,
              hidden_layer_sizes=1, max_iter=500, random_state=12345,
              solver='lbfgs')","MLPClassifier(activation='logistic', alpha=3.258796951914261,
              hidden_layer_sizes=15, max_iter=500, random_state=12345,
              solver='lbfgs')",,,,,,,20,20,"['V1' 'V2' 'V3' 'V4' 'V5' 'V6' 'V7' 'V8' 'V9' 'V10' 'V11' 'V12' 'V13'
 'V14' 'V15' 'V16' 'V17' 'V18' 'V19' 'V20']","['V1' 'V2' 'V3' 'V4' 'V5' 'V6' 'V7' 'V8' 'V9' 'V10' 'V11' 'V12' 'V13'
 'V14' 'V15' 'V16' 'V17' 'V18' 'V19' 'V20']","['V1' 'V2' 'V3' 'V4' 'V5' 'V6' 'V7' 'V8' 'V9' 'V10' 'V11' 'V12' 'V13'
 'V14' 'V15' 'V16' 'V17' 'V18' 'V19' 'V20']","['V1' 'V2' 'V3' 'V4' 'V5' 'V6' 'V7' 'V8' 'V9' 'V10' 'V11' 'V12' 'V13'
 'V14' 'V15' 'V16' 'V17' 'V18' 'V19' 'V20']"
Long.csv,4477,20,7,8638,0.000215,0.000171,0.00165,0.001631,1.1052631578947367,1.0842105263157895,5,4.0,1,1,0,4.0,1,1,0,3.0,"MLPClassifier(activation='logistic', alpha=1e-05, hidden_layer_sizes=1,
              max_iter=500, random_state=12345, solver='lbfgs')","MLPClassifier(activation='logistic', alpha=1e-05, hidden_layer_sizes=1,
              max_iter=500, random_state=12345, solver='lbfgs')",,,,,,,5,4,['x0' 'x4' 'x12' 'x13' 'x18'],['x3' 'x7' 'x12' 'x18'],['x0' 'x4' 'x12' 'x13' 'x18'],['x3' 'x7' 'x12' 'x18']
compas.csv,5278,20,7,8638,0.601649,0.602031,0.603899,0.606462,2.863157894736842,2.336842105263158,10,5.0,2,2,2,7.5,2,2,1,3.5,"MLPClassifier(activation='logistic', alpha=0.8749145843425972,
              hidden_layer_sizes=2, max_iter=500, random_state=12345,
              solver='lbfgs')","MLPClassifier(activation='logistic', alpha=1e-05, hidden_layer_sizes=2,
              max_iter=500, random_state=12345, solver='lbfgs')",,,,,,,10,5,"['sex_0' 'age' 'priors_count' 'age_cat_25-45_0' 'age_cat_25-45_1'
 'age_cat_Lessthan25_0' 'race_African-American_1' 'race_Caucasian_0'
 'race_Caucasian_1' 'c_charge_degree_M']",['sex_1' 'age' 'priors_count' 'age_cat_25-45_0' 'race_Caucasian_0'],"['sex_0' 'age' 'priors_count' 'age_cat_25-45_0' 'age_cat_25-45_1'
 'age_cat_Lessthan25_0' 'race_African-American_1' 'race_Caucasian_0'
 'race_Caucasian_1' 'c_charge_degree_M']",['sex_1' 'age' 'priors_count' 'age_cat_25-45_0' 'race_Caucasian_0']
twonorm.csv,7400,21,6,7404,0.061171,0.062046,0.058507,0.05994,1.4,15.839999999999998,20,20.0,1,1,0,15.0,9,9,7,15.0,"MLPClassifier(activation='logistic', alpha=0.011489647237625494,
              hidden_layer_sizes=1, max_iter=500, random_state=12345,
              solver='lbfgs')","MLPClassifier(activation='logistic', alpha=2.359972503367193,
              hidden_layer_sizes=9, max_iter=500, random_state=12345,
              solver='lbfgs')",,,,,,,20,20,"['V1' 'V2' 'V3' 'V4' 'V5' 'V6' 'V7' 'V8' 'V9' 'V10' 'V11' 'V12' 'V13'
 'V14' 'V15' 'V16' 'V17' 'V18' 'V19' 'V20']","['V1' 'V2' 'V3' 'V4' 'V5' 'V6' 'V7' 'V8' 'V9' 'V10' 'V11' 'V12' 'V13'
 'V14' 'V15' 'V16' 'V17' 'V18' 'V19' 'V20']","['V1' 'V2' 'V3' 'V4' 'V5' 'V6' 'V7' 'V8' 'V9' 'V10' 'V11' 'V12' 'V13'
 'V14' 'V15' 'V16' 'V17' 'V18' 'V19' 'V20']","['V1' 'V2' 'V3' 'V4' 'V5' 'V6' 'V7' 'V8' 'V9' 'V10' 'V11' 'V12' 'V13'
 'V14' 'V15' 'V16' 'V17' 'V18' 'V19' 'V20']"
Titanic.csv,2201,4,7,8638,0.479001,0.479001,0.493926,0.493926,22.0,22.0,3,3.0,11,11,3,2.272727272727273,11,11,3,2.272727272727273,"MLPClassifier(activation='logistic', alpha=1e-05, hidden_layer_sizes=11,
              max_iter=500, random_state=12345, solver='lbfgs')","MLPClassifier(activation='logistic', alpha=1e-05, hidden_layer_sizes=11,
              max_iter=500, random_state=12345, solver='lbfgs')",,,,,,,3,3,['Class' 'Age' 'Sex'],['Class' 'Age' 'Sex'],['Class' 'Age' 'Sex'],['Class' 'Age' 'Sex']
Long.csv,4477,20,8,9872,5.9e-05,6.1e-05,0.000897,0.001082,1.0842105263157895,1.0842105263157895,4,4.0,1,1,0,3.0,1,1,0,3.0,"MLPClassifier(activation='logistic', alpha=1e-05, hidden_layer_sizes=1,
              max_iter=500, random_state=12345, solver='lbfgs')","MLPClassifier(activation='logistic', alpha=1e-05, hidden_layer_sizes=1,
              max_iter=500, random_state=12345, solver='lbfgs')",,,,,,,4,4,['x6' 'x12' 'x16' 'x18'],['x12' 'x14' 'x16' 'x18'],['x6' 'x12' 'x16' 'x18'],['x12' 'x14' 'x16' 'x18']
Titanic.csv,2201,4,8,9872,0.477082,0.477082,0.499327,0.499327,30.0,30.0,3,3.0,15,15,3,2.2666666666666666,15,15,3,2.2666666666666666,"MLPClassifier(activation='logistic', alpha=1.0000000000000003e-05,
              hidden_layer_sizes=15, max_iter=500, random_state=12345,
              solver='lbfgs')","MLPClassifier(activation='logistic', alpha=1e-05, hidden_layer_sizes=15,
              max_iter=500, random_state=12345, solver='lbfgs')",,,,,,,3,3,['Class' 'Age' 'Sex'],['Class' 'Age' 'Sex'],['Class' 'Age' 'Sex'],['Class' 'Age' 'Sex']
compas.csv,5278,20,8,9872,0.604217,0.605716,0.599166,0.599952,4.642105263157895,2.631578947368421,11,6.0,3,3,8,8.333333333333334,2,2,4,4.5,"MLPClassifier(activation='logistic', alpha=1.6716272482776344,
              hidden_layer_sizes=3, max_iter=500, random_state=12345,
              solver='lbfgs')","MLPClassifier(activation='logistic', alpha=1e-05, hidden_layer_sizes=2,
              max_iter=500, random_state=12345, solver='lbfgs')",,,,,,,11,6,"['sex_0' 'sex_1' 'age' 'juv_other_count' 'priors_count' 'age_cat_25-45_0'
 'age_cat_25-45_1' 'race_African-American_0' 'race_African-American_1'
 'race_Caucasian_0' 'race_Caucasian_1']","['sex_1' 'age' 'priors_count' 'age_cat_25-45_0' 'age_cat_Lessthan25_0'
 'race_African-American_1']","['sex_0' 'sex_1' 'age' 'juv_other_count' 'priors_count' 'age_cat_25-45_0'
 'age_cat_25-45_1' 'race_African-American_0' 'race_African-American_1'
 'race_Caucasian_0' 'race_Caucasian_1']","['sex_1' 'age' 'priors_count' 'age_cat_25-45_0' 'age_cat_Lessthan25_0'
 'race_African-American_1']"
twonorm.csv,7400,21,7,8638,0.06243,0.062381,0.055829,0.056695,1.4,26.740000000000002,20,20.0,1,1,0,15.0,14,14,4,15.0,"MLPClassifier(activation='logistic', alpha=0.022646848924880447,
              hidden_layer_sizes=1, max_iter=500, random_state=12345,
              solver='lbfgs')","MLPClassifier(activation='logistic', alpha=2.446392724197879,
              hidden_layer_sizes=14, max_iter=500, random_state=12345,
              solver='lbfgs')",,,,,,,20,20,"['V1' 'V2' 'V3' 'V4' 'V5' 'V6' 'V7' 'V8' 'V9' 'V10' 'V11' 'V12' 'V13'
 'V14' 'V15' 'V16' 'V17' 'V18' 'V19' 'V20']","['V1' 'V2' 'V3' 'V4' 'V5' 'V6' 'V7' 'V8' 'V9' 'V10' 'V11' 'V12' 'V13'
 'V14' 'V15' 'V16' 'V17' 'V18' 'V19' 'V20']","['V1' 'V2' 'V3' 'V4' 'V5' 'V6' 'V7' 'V8' 'V9' 'V10' 'V11' 'V12' 'V13'
 'V14' 'V15' 'V16' 'V17' 'V18' 'V19' 'V20']","['V1' 'V2' 'V3' 'V4' 'V5' 'V6' 'V7' 'V8' 'V9' 'V10' 'V11' 'V12' 'V13'
 'V14' 'V15' 'V16' 'V17' 'V18' 'V19' 'V20']"
Long.csv,4477,20,9,11106,5.8e-05,6.1e-05,0.005611,0.00018,1.1052631578947367,1.0842105263157895,5,4.0,1,1,0,4.0,1,1,0,3.0,"MLPClassifier(activation='logistic', alpha=1e-05, hidden_layer_sizes=1,
              max_iter=500, random_state=12345, solver='lbfgs')","MLPClassifier(activation='logistic', alpha=1e-05, hidden_layer_sizes=1,
              max_iter=500, random_state=12345, solver='lbfgs')",,,,,,,5,4,['x1' 'x2' 'x3' 'x12' 'x18'],['x7' 'x12' 'x16' 'x18'],['x1' 'x2' 'x3' 'x12' 'x18'],['x7' 'x12' 'x16' 'x18']
Titanic.csv,2201,4,9,11106,0.484818,0.484818,0.484036,0.484036,10.0,10.0,3,3.0,5,5,3,2.2,5,5,3,2.2,"MLPClassifier(activation='logistic', alpha=1e-05, hidden_layer_sizes=5,
              max_iter=500, random_state=12345, solver='lbfgs')","MLPClassifier(activation='logistic', alpha=1e-05, hidden_layer_sizes=5,
              max_iter=500, random_state=12345, solver='lbfgs')",,,,,,,3,3,['Class' 'Age' 'Sex'],['Class' 'Age' 'Sex'],['Class' 'Age' 'Sex'],['Class' 'Age' 'Sex']
compas.csv,5278,20,9,11106,0.605979,0.604292,0.600546,0.60123,2.568421052631579,2.336842105263158,9,5.0,2,2,1,6.5,2,2,1,3.5,"MLPClassifier(activation='logistic', alpha=1e-05, hidden_layer_sizes=2,
              max_iter=500, random_state=12345, solver='lbfgs')","MLPClassifier(activation='logistic', alpha=0.03300628207970831,
              hidden_layer_sizes=2, max_iter=500, random_state=12345,
              solver='lbfgs')",,,,,,,9,5,"['sex_1' 'age' 'juv_fel_count' 'priors_count' 'age_cat_25-45_0'
 'age_cat_25-45_1' 'age_cat_Lessthan25_1' 'race_African-American_1'
 'race_Caucasian_0']",['sex_0' 'age' 'priors_count' 'age_cat_Greaterthan45_0' 'race_Caucasian_1'],"['sex_1' 'age' 'juv_fel_count' 'priors_count' 'age_cat_25-45_0'
 'age_cat_25-45_1' 'age_cat_Lessthan25_1' 'race_African-American_1'
 'race_Caucasian_0']",['sex_0' 'age' 'priors_count' 'age_cat_Greaterthan45_0' 'race_Caucasian_1']
twonorm.csv,7400,21,8,9872,0.059911,0.059775,0.061065,0.060416,1.4,20.439999999999998,20,20.0,1,1,0,15.0,15,14,0,15.0,"MLPClassifier(activation='logistic', alpha=0.022405953775179288,
              hidden_layer_sizes=1, max_iter=500, random_state=12345,
              solver='lbfgs')","MLPClassifier(activation='logistic', alpha=2.6127583351373347,
              hidden_layer_sizes=15, max_iter=500, random_state=12345,
              solver='lbfgs')",,,,,,,20,20,"['V1' 'V2' 'V3' 'V4' 'V5' 'V6' 'V7' 'V8' 'V9' 'V10' 'V11' 'V12' 'V13'
 'V14' 'V15' 'V16' 'V17' 'V18' 'V19' 'V20']","['V1' 'V2' 'V3' 'V4' 'V5' 'V6' 'V7' 'V8' 'V9' 'V10' 'V11' 'V12' 'V13'
 'V14' 'V15' 'V16' 'V17' 'V18' 'V19' 'V20']","['V1' 'V2' 'V3' 'V4' 'V5' 'V6' 'V7' 'V8' 'V9' 'V10' 'V11' 'V12' 'V13'
 'V14' 'V15' 'V16' 'V17' 'V18' 'V19' 'V20']","['V1' 'V2' 'V3' 'V4' 'V5' 'V6' 'V7' 'V8' 'V9' 'V10' 'V11' 'V12' 'V13'
 'V14' 'V15' 'V16' 'V17' 'V18' 'V19' 'V20']"
Long.csv,4477,20,10,12340,0.000187,0.000282,0.003394,0.001744,1.1052631578947367,1.1052631578947367,5,5.0,1,1,0,4.0,1,1,0,4.0,"MLPClassifier(activation='logistic', alpha=1e-05, hidden_layer_sizes=1,
              max_iter=500, random_state=12345, solver='lbfgs')","MLPClassifier(activation='logistic', alpha=9.031930438040542e-05,
              hidden_layer_sizes=1, max_iter=500, random_state=12345,
              solver='lbfgs')",,,,,,,5,5,['x0' 'x3' 'x7' 'x12' 'x18'],['x0' 'x3' 'x7' 'x12' 'x18'],['x0' 'x3' 'x7' 'x12' 'x18'],['x0' 'x3' 'x7' 'x12' 'x18']
Titanic.csv,2201,4,10,12340,0.484467,0.484467,0.487024,0.487024,22.0,22.0,3,3.0,11,11,3,2.272727272727273,11,11,3,2.272727272727273,"MLPClassifier(activation='logistic', alpha=1e-05, hidden_layer_sizes=11,
              max_iter=500, random_state=12345, solver='lbfgs')","MLPClassifier(activation='logistic', alpha=1e-05, hidden_layer_sizes=11,
              max_iter=500, random_state=12345, solver='lbfgs')",,,,,,,3,3,['Class' 'Age' 'Sex'],['Class' 'Age' 'Sex'],['Class' 'Age' 'Sex'],['Class' 'Age' 'Sex']
compas.csv,5278,20,10,12340,0.59619,0.597113,0.615753,0.615136,2.736842105263158,2.631578947368421,10,9.0,2,2,3,7.5,2,2,2,6.5,"MLPClassifier(activation='logistic', alpha=1.243412075641742,
              hidden_layer_sizes=2, max_iter=500, random_state=12345,
              solver='lbfgs')","MLPClassifier(activation='logistic', alpha=0.23889789914941326,
              hidden_layer_sizes=2, max_iter=500, random_state=12345,
              solver='lbfgs')",,,,,,,10,9,"['sex_0' 'sex_1' 'age' 'juv_other_count' 'priors_count'
 'age_cat_Greaterthan45_1' 'age_cat_Lessthan25_0' 'age_cat_Lessthan25_1'
 'race_African-American_0' 'race_African-American_1']","['sex_0' 'sex_1' 'age' 'priors_count' 'age_cat_Greaterthan45_1'
 'age_cat_Lessthan25_1' 'race_African-American_0' 'race_Caucasian_1'
 'c_charge_degree_F']","['sex_0' 'sex_1' 'age' 'juv_other_count' 'priors_count'
 'age_cat_Greaterthan45_1' 'age_cat_Lessthan25_0' 'age_cat_Lessthan25_1'
 'race_African-American_0' 'race_African-American_1']","['sex_0' 'sex_1' 'age' 'priors_count' 'age_cat_Greaterthan45_1'
 'age_cat_Lessthan25_1' 'race_African-American_0' 'race_Caucasian_1'
 'c_charge_degree_F']"
twonorm.csv,7400,21,9,11106,0.06091,0.060422,0.060001,0.060253,13.95,20.020000000000003,20,20.0,9,9,2,15.0,14,14,0,15.0,"MLPClassifier(activation='logistic', alpha=2.601036849307605,
              hidden_layer_sizes=9, max_iter=500, random_state=12345,
              solver='lbfgs')","MLPClassifier(activation='logistic', alpha=2.670195322399241,
              hidden_layer_sizes=14, max_iter=500, random_state=12345,
              solver='lbfgs')",,,,,,,20,20,"['V1' 'V2' 'V3' 'V4' 'V5' 'V6' 'V7' 'V8' 'V9' 'V10' 'V11' 'V12' 'V13'
 'V14' 'V15' 'V16' 'V17' 'V18' 'V19' 'V20']","['V1' 'V2' 'V3' 'V4' 'V5' 'V6' 'V7' 'V8' 'V9' 'V10' 'V11' 'V12' 'V13'
 'V14' 'V15' 'V16' 'V17' 'V18' 'V19' 'V20']","['V1' 'V2' 'V3' 'V4' 'V5' 'V6' 'V7' 'V8' 'V9' 'V10' 'V11' 'V12' 'V13'
 'V14' 'V15' 'V16' 'V17' 'V18' 'V19' 'V20']","['V1' 'V2' 'V3' 'V4' 'V5' 'V6' 'V7' 'V8' 'V9' 'V10' 'V11' 'V12' 'V13'
 'V14' 'V15' 'V16' 'V17' 'V18' 'V19' 'V20']"
Titanic.csv,2201,4,11,13574,0.475424,0.475424,0.503196,0.503196,8.0,8.0,3,3.0,4,4,2,2.25,4,4,2,2.25,"MLPClassifier(activation='logistic', alpha=1e-05, hidden_layer_sizes=4,
              max_iter=500, random_state=12345, solver='lbfgs')","MLPClassifier(activation='logistic', alpha=1.0000000000000003e-05,
              hidden_layer_sizes=4, max_iter=500, random_state=12345,
              solver='lbfgs')",,,,,,,3,3,['Class' 'Age' 'Sex'],['Class' 'Age' 'Sex'],['Class' 'Age' 'Sex'],['Class' 'Age' 'Sex']
Long.csv,4477,20,11,13574,0.00039,0.000308,1.6e-05,0.000125,1.0842105263157895,3.28421052631579,4,3.0,1,1,0,3.0,3,3,1,2.3333333333333335,"MLPClassifier(activation='logistic', alpha=1e-05, hidden_layer_sizes=1,
              max_iter=500, random_state=12345, solver='lbfgs')","MLPClassifier(activation='logistic', alpha=1e-05, hidden_layer_sizes=3,
              max_iter=500, random_state=12345, solver='lbfgs')",,,,,,,4,3,['x7' 'x12' 'x16' 'x18'],['x10' 'x12' 'x18'],['x7' 'x12' 'x16' 'x18'],['x10' 'x12' 'x18']
compas.csv,5278,20,11,13574,0.602639,0.601939,0.603495,0.603221,2.442105263157895,3.9157894736842107,6,7.0,2,2,2,4.5,3,3,4,5.333333333333333,"MLPClassifier(activation='logistic', alpha=1e-05, hidden_layer_sizes=2,
              max_iter=500, random_state=12345, solver='lbfgs')","MLPClassifier(activation='logistic', alpha=1.9217310978681137,
              hidden_layer_sizes=3, max_iter=500, random_state=12345,
              solver='lbfgs')",,,,,,,6,7,"['sex_0' 'sex_1' 'age' 'priors_count' 'race_African-American_1'
 'c_charge_degree_M']","['sex_1' 'age' 'juv_other_count' 'priors_count' 'age_cat_Lessthan25_1'
 'race_African-American_1' 'c_charge_degree_M']","['sex_0' 'sex_1' 'age' 'priors_count' 'race_African-American_1'
 'c_charge_degree_M']","['sex_1' 'age' 'juv_other_count' 'priors_count' 'age_cat_Lessthan25_1'
 'race_African-American_1' 'c_charge_degree_M']"
twonorm.csv,7400,21,10,12340,0.064554,0.063478,0.056199,0.055377,11.69,19.599999999999998,20,20.0,7,7,2,15.0,15,14,0,15.0,"MLPClassifier(activation='logistic', alpha=2.9153314907860373,
              hidden_layer_sizes=7, max_iter=500, random_state=12345,
              solver='lbfgs')","MLPClassifier(activation='logistic', alpha=3.7345520588131995,
              hidden_layer_sizes=15, max_iter=500, random_state=12345,
              solver='lbfgs')",,,,,,,20,20,"['V1' 'V2' 'V3' 'V4' 'V5' 'V6' 'V7' 'V8' 'V9' 'V10' 'V11' 'V12' 'V13'
 'V14' 'V15' 'V16' 'V17' 'V18' 'V19' 'V20']","['V1' 'V2' 'V3' 'V4' 'V5' 'V6' 'V7' 'V8' 'V9' 'V10' 'V11' 'V12' 'V13'
 'V14' 'V15' 'V16' 'V17' 'V18' 'V19' 'V20']","['V1' 'V2' 'V3' 'V4' 'V5' 'V6' 'V7' 'V8' 'V9' 'V10' 'V11' 'V12' 'V13'
 'V14' 'V15' 'V16' 'V17' 'V18' 'V19' 'V20']","['V1' 'V2' 'V3' 'V4' 'V5' 'V6' 'V7' 'V8' 'V9' 'V10' 'V11' 'V12' 'V13'
 'V14' 'V15' 'V16' 'V17' 'V18' 'V19' 'V20']"
Titanic.csv,2201,4,12,14808,0.481004,0.481004,0.497152,0.497152,26.0,26.0,3,3.0,13,13,3,2.230769230769231,13,13,3,2.230769230769231,"MLPClassifier(activation='logistic', alpha=1e-05, hidden_layer_sizes=13,
              max_iter=500, random_state=12345, solver='lbfgs')","MLPClassifier(activation='logistic', alpha=1e-05, hidden_layer_sizes=13,
              max_iter=500, random_state=12345, solver='lbfgs')",,,,,,,3,3,['Class' 'Age' 'Sex'],['Class' 'Age' 'Sex'],['Class' 'Age' 'Sex'],['Class' 'Age' 'Sex']
compas.csv,5278,20,12,14808,0.607895,0.607433,0.593932,0.594989,2.168421052631579,2.2315789473684213,4,4.0,2,2,0,3.0,2,2,0,3.0,"MLPClassifier(activation='logistic', alpha=0.8510008058799539,
              hidden_layer_sizes=2, max_iter=500, random_state=12345,
              solver='lbfgs')","MLPClassifier(activation='logistic', alpha=1e-05, hidden_layer_sizes=2,
              max_iter=500, random_state=12345, solver='lbfgs')",,,,,,,4,4,['sex_1' 'age' 'priors_count' 'c_charge_degree_M'],['sex_1' 'age' 'priors_count' 'race_Caucasian_0'],['sex_1' 'age' 'priors_count' 'c_charge_degree_M'],['sex_1' 'age' 'priors_count' 'race_Caucasian_0']
Long.csv,4477,20,12,14808,0.000435,0.000265,1.5e-05,1.6e-05,1.0421052631578946,2.0842105263157893,2,2.0,1,1,0,1.0,2,2,0,1.5,"MLPClassifier(activation='logistic', alpha=1e-05, hidden_layer_sizes=1,
              max_iter=500, random_state=12345, solver='lbfgs')","MLPClassifier(activation='logistic', alpha=1e-05, hidden_layer_sizes=2,
              max_iter=500, random_state=12345, solver='lbfgs')",,,,,,,2,2,['x12' 'x18'],['x12' 'x18'],['x12' 'x18'],['x12' 'x18']
twonorm.csv,7400,21,11,13574,0.060688,0.060356,0.06176,0.061489,11.920000000000002,12.870000000000001,20,20.0,8,8,0,15.0,9,9,1,15.0,"MLPClassifier(activation='logistic', alpha=3.1978383795464262,
              hidden_layer_sizes=8, max_iter=500, random_state=12345,
              solver='lbfgs')","MLPClassifier(activation='logistic', alpha=2.6047771844419394,
              hidden_layer_sizes=9, max_iter=500, random_state=12345,
              solver='lbfgs')",,,,,,,20,20,"['V1' 'V2' 'V3' 'V4' 'V5' 'V6' 'V7' 'V8' 'V9' 'V10' 'V11' 'V12' 'V13'
 'V14' 'V15' 'V16' 'V17' 'V18' 'V19' 'V20']","['V1' 'V2' 'V3' 'V4' 'V5' 'V6' 'V7' 'V8' 'V9' 'V10' 'V11' 'V12' 'V13'
 'V14' 'V15' 'V16' 'V17' 'V18' 'V19' 'V20']","['V1' 'V2' 'V3' 'V4' 'V5' 'V6' 'V7' 'V8' 'V9' 'V10' 'V11' 'V12' 'V13'
 'V14' 'V15' 'V16' 'V17' 'V18' 'V19' 'V20']","['V1' 'V2' 'V3' 'V4' 'V5' 'V6' 'V7' 'V8' 'V9' 'V10' 'V11' 'V12' 'V13'
 'V14' 'V15' 'V16' 'V17' 'V18' 'V19' 'V20']"
Titanic.csv,2201,4,13,16042,0.479642,0.479642,0.486884,0.486884,28.0,28.0,3,3.0,14,14,3,2.2142857142857144,14,14,3,2.2142857142857144,"MLPClassifier(activation='logistic', alpha=1e-05, hidden_layer_sizes=14,
              max_iter=500, random_state=12345, solver='lbfgs')","MLPClassifier(activation='logistic', alpha=1e-05, hidden_layer_sizes=14,
              max_iter=500, random_state=12345, solver='lbfgs')",,,,,,,3,3,['Class' 'Age' 'Sex'],['Class' 'Age' 'Sex'],['Class' 'Age' 'Sex'],['Class' 'Age' 'Sex']
Long.csv,4477,20,13,16042,0.000201,0.00028,0.005754,0.000596,1.0842105263157895,1.063157894736842,4,3.0,1,1,0,3.0,1,1,0,2.0,"MLPClassifier(activation='logistic', alpha=1.1702313344913832e-05,
              hidden_layer_sizes=1, max_iter=500, random_state=12345,
              solver='lbfgs')","MLPClassifier(activation='logistic', alpha=1e-05, hidden_layer_sizes=1,
              max_iter=500, random_state=12345, solver='lbfgs')",,,,,,,4,3,['x11' 'x12' 'x17' 'x18'],['x3' 'x12' 'x18'],['x11' 'x12' 'x17' 'x18'],['x3' 'x12' 'x18']
compas.csv,5278,20,13,16042,0.600648,0.60099,0.608164,0.613572,2.2315789473684213,3.28421052631579,4,3.0,2,2,0,3.0,3,3,1,2.3333333333333335,"MLPClassifier(activation='logistic', alpha=0.9652629660179204,
              hidden_layer_sizes=2, max_iter=500, random_state=12345,
              solver='lbfgs')","MLPClassifier(activation='logistic', alpha=1e-05, hidden_layer_sizes=3,
              max_iter=500, random_state=12345, solver='lbfgs')",,,,,,,4,3,['sex_0' 'age' 'priors_count' 'age_cat_25-45_0'],['sex_1' 'age' 'priors_count'],['sex_0' 'age' 'priors_count' 'age_cat_25-45_0'],['sex_1' 'age' 'priors_count']
twonorm.csv,7400,21,12,14808,0.058093,0.064963,0.065739,0.074981,18.96,23.939999999999998,20,19.0,12,12,0,15.0,14,14,9,14.214285714285714,"MLPClassifier(activation='logistic', alpha=2.6139210657862257,
              hidden_layer_sizes=12, max_iter=500, random_state=12345,
              solver='lbfgs')","MLPClassifier(activation='logistic', alpha=2.3924138694818575,
              hidden_layer_sizes=14, max_iter=500, random_state=12345,
              solver='lbfgs')",,,,,,,20,19,"['V1' 'V2' 'V3' 'V4' 'V5' 'V6' 'V7' 'V8' 'V9' 'V10' 'V11' 'V12' 'V13'
 'V14' 'V15' 'V16' 'V17' 'V18' 'V19' 'V20']","['V1' 'V2' 'V3' 'V4' 'V5' 'V6' 'V7' 'V8' 'V9' 'V10' 'V11' 'V12' 'V13'
 'V14' 'V15' 'V16' 'V17' 'V18' 'V19']","['V1' 'V2' 'V3' 'V4' 'V5' 'V6' 'V7' 'V8' 'V9' 'V10' 'V11' 'V12' 'V13'
 'V14' 'V15' 'V16' 'V17' 'V18' 'V19' 'V20']","['V1' 'V2' 'V3' 'V4' 'V5' 'V6' 'V7' 'V8' 'V9' 'V10' 'V11' 'V12' 'V13'
 'V14' 'V15' 'V16' 'V17' 'V18' 'V19']"
compas.csv,5278,20,14,17276,0.600355,0.599947,0.609607,0.606913,2.5263157894736845,2.336842105263158,8,5.0,2,2,2,6.0,2,2,1,3.5,"MLPClassifier(activation='logistic', alpha=1.7126248343136545,
              hidden_layer_sizes=2, max_iter=500, random_state=12345,
              solver='lbfgs')","MLPClassifier(activation='logistic', alpha=1.1151106748743234,
              hidden_layer_sizes=2, max_iter=500, random_state=12345,
              solver='lbfgs')",,,,,,,8,5,"['sex_0' 'sex_1' 'age' 'juv_misd_count' 'juv_other_count' 'priors_count'
 'age_cat_25-45_1' 'age_cat_Lessthan25_0']",['sex_0' 'age' 'priors_count' 'age_cat_25-45_1' 'race_African-American_0'],"['sex_0' 'sex_1' 'age' 'juv_misd_count' 'juv_other_count' 'priors_count'
 'age_cat_25-45_1' 'age_cat_Lessthan25_0']",['sex_0' 'age' 'priors_count' 'age_cat_25-45_1' 'race_African-American_0']
Titanic.csv,2201,4,14,17276,0.496143,0.496143,0.459431,0.459431,8.0,8.0,3,3.0,4,4,2,2.25,4,4,2,2.25,"MLPClassifier(activation='logistic', alpha=1e-05, hidden_layer_sizes=4,
              max_iter=500, random_state=12345, solver='lbfgs')","MLPClassifier(activation='logistic', alpha=1e-05, hidden_layer_sizes=4,
              max_iter=500, random_state=12345, solver='lbfgs')",,,,,,,3,3,['Class' 'Age' 'Sex'],['Class' 'Age' 'Sex'],['Class' 'Age' 'Sex'],['Class' 'Age' 'Sex']
Long.csv,4477,20,14,17276,0.000135,0.000135,0.002121,0.002121,1.063157894736842,1.063157894736842,3,3.0,1,1,0,2.0,1,1,0,2.0,"MLPClassifier(activation='logistic', alpha=1e-05, hidden_layer_sizes=1,
              max_iter=500, random_state=12345, solver='lbfgs')","MLPClassifier(activation='logistic', alpha=1e-05, hidden_layer_sizes=1,
              max_iter=500, random_state=12345, solver='lbfgs')",,,,,,,3,3,['x12' 'x17' 'x18'],['x12' 'x17' 'x18'],['x12' 'x17' 'x18'],['x12' 'x17' 'x18']
twonorm.csv,7400,21,13,16042,0.057967,0.057622,0.066699,0.066494,15.55,22.1,20,20.0,9,9,6,14.88888888888889,13,13,6,15.0,"MLPClassifier(activation='logistic', alpha=2.3323583052691337,
              hidden_layer_sizes=9, max_iter=500, random_state=12345,
              solver='lbfgs')","MLPClassifier(activation='logistic', alpha=2.4335797275596756,
              hidden_layer_sizes=13, max_iter=500, random_state=12345,
              solver='lbfgs')",,,,,,,20,20,"['V1' 'V2' 'V3' 'V4' 'V5' 'V6' 'V7' 'V8' 'V9' 'V10' 'V11' 'V12' 'V13'
 'V14' 'V15' 'V16' 'V17' 'V18' 'V19' 'V20']","['V1' 'V2' 'V3' 'V4' 'V5' 'V6' 'V7' 'V8' 'V9' 'V10' 'V11' 'V12' 'V13'
 'V14' 'V15' 'V16' 'V17' 'V18' 'V19' 'V20']","['V1' 'V2' 'V3' 'V4' 'V5' 'V6' 'V7' 'V8' 'V9' 'V10' 'V11' 'V12' 'V13'
 'V14' 'V15' 'V16' 'V17' 'V18' 'V19' 'V20']","['V1' 'V2' 'V3' 'V4' 'V5' 'V6' 'V7' 'V8' 'V9' 'V10' 'V11' 'V12' 'V13'
 'V14' 'V15' 'V16' 'V17' 'V18' 'V19' 'V20']"
Long.csv,4477,20,15,18510,0.000251,0.000251,0.000123,0.000123,1.063157894736842,1.063157894736842,3,3.0,1,1,0,2.0,1,1,0,2.0,"MLPClassifier(activation='logistic', alpha=1e-05, hidden_layer_sizes=1,
              max_iter=500, random_state=12345, solver='lbfgs')","MLPClassifier(activation='logistic', alpha=1e-05, hidden_layer_sizes=1,
              max_iter=500, random_state=12345, solver='lbfgs')",,,,,,,3,3,['x8' 'x12' 'x18'],['x8' 'x12' 'x18'],['x8' 'x12' 'x18'],['x8' 'x12' 'x18']
Titanic.csv,2201,4,15,18510,0.473257,0.473257,0.506197,0.506197,24.0,24.0,3,3.0,12,12,3,2.25,12,12,3,2.25,"MLPClassifier(activation='logistic', alpha=1e-05, hidden_layer_sizes=12,
              max_iter=500, random_state=12345, solver='lbfgs')","MLPClassifier(activation='logistic', alpha=1e-05, hidden_layer_sizes=12,
              max_iter=500, random_state=12345, solver='lbfgs')",,,,,,,3,3,['Class' 'Age' 'Sex'],['Class' 'Age' 'Sex'],['Class' 'Age' 'Sex'],['Class' 'Age' 'Sex']
compas.csv,5278,20,15,18510,0.595224,0.595987,0.616146,0.617769,2.336842105263158,3.347368421052632,5,4.0,2,2,0,3.5,4,3,1,3.0,"MLPClassifier(activation='logistic', alpha=1.0228724188749052,
              hidden_layer_sizes=2, max_iter=500, random_state=12345,
              solver='lbfgs')","MLPClassifier(activation='logistic', alpha=0.6974339523991224,
              hidden_layer_sizes=4, max_iter=500, random_state=12345,
              solver='lbfgs')",,,,,,,5,4,['sex_1' 'age' 'priors_count' 'age_cat_25-45_1' 'race_Caucasian_1'],['sex_1' 'age' 'priors_count' 'age_cat_Lessthan25_0'],['sex_1' 'age' 'priors_count' 'age_cat_25-45_1' 'race_Caucasian_1'],['sex_1' 'age' 'priors_count' 'age_cat_Lessthan25_0']
twonorm.csv,7400,21,14,17276,0.060074,0.060074,0.077642,0.077642,1.38,1.38,19,19.0,1,1,0,14.0,1,1,0,14.0,"MLPClassifier(activation='logistic', alpha=1e-05, hidden_layer_sizes=1,
              max_iter=500, random_state=12345, solver='lbfgs')","MLPClassifier(activation='logistic', alpha=1.0000000000000003e-05,
              hidden_layer_sizes=1, max_iter=500, random_state=12345,
              solver='lbfgs')",,,,,,,19,19,"['V1' 'V2' 'V3' 'V4' 'V5' 'V6' 'V7' 'V8' 'V9' 'V10' 'V11' 'V12' 'V13'
 'V14' 'V15' 'V16' 'V17' 'V19' 'V20']","['V1' 'V2' 'V3' 'V4' 'V5' 'V6' 'V7' 'V8' 'V9' 'V10' 'V11' 'V12' 'V13'
 'V14' 'V15' 'V16' 'V17' 'V19' 'V20']","['V1' 'V2' 'V3' 'V4' 'V5' 'V6' 'V7' 'V8' 'V9' 'V10' 'V11' 'V12' 'V13'
 'V14' 'V15' 'V16' 'V17' 'V19' 'V20']","['V1' 'V2' 'V3' 'V4' 'V5' 'V6' 'V7' 'V8' 'V9' 'V10' 'V11' 'V12' 'V13'
 'V14' 'V15' 'V16' 'V17' 'V19' 'V20']"
Titanic.csv,2201,4,16,19744,0.473503,0.471196,0.511427,0.511127,10.0,16.0,3,3.0,5,5,3,2.2,11,8,3,2.25,"MLPClassifier(activation='logistic', alpha=1e-05, hidden_layer_sizes=5,
              max_iter=500, random_state=12345, solver='lbfgs')","MLPClassifier(activation='logistic', alpha=0.07627145920234937,
              hidden_layer_sizes=11, max_iter=500, random_state=12345,
              solver='lbfgs')",,,,,,,3,3,['Class' 'Age' 'Sex'],['Class' 'Age' 'Sex'],['Class' 'Age' 'Sex'],['Class' 'Age' 'Sex']
Long.csv,4477,20,16,19744,0.000179,0.000179,0.001254,0.001254,1.063157894736842,1.063157894736842,3,3.0,1,1,0,2.0,1,1,0,2.0,"MLPClassifier(activation='logistic', alpha=1e-05, hidden_layer_sizes=1,
              max_iter=500, random_state=12345, solver='lbfgs')","MLPClassifier(activation='logistic', alpha=1e-05, hidden_layer_sizes=1,
              max_iter=500, random_state=12345, solver='lbfgs')",,,,,,,3,3,['x12' 'x16' 'x18'],['x12' 'x16' 'x18'],['x12' 'x16' 'x18'],['x12' 'x16' 'x18']
twonorm.csv,7400,21,15,18510,0.069948,0.063026,0.06352,0.057269,1.38,18.2,19,20.0,1,1,0,14.0,13,13,0,15.0,"MLPClassifier(activation='logistic', alpha=1e-05, hidden_layer_sizes=1,
              max_iter=500, random_state=12345, solver='lbfgs')","MLPClassifier(activation='logistic', alpha=4.607820052469577,
              hidden_layer_sizes=13, max_iter=500, random_state=12345,
              solver='lbfgs')",,,,,,,19,20,"['V1' 'V2' 'V3' 'V4' 'V5' 'V6' 'V7' 'V8' 'V9' 'V10' 'V11' 'V12' 'V13'
 'V14' 'V15' 'V16' 'V17' 'V18' 'V19']","['V1' 'V2' 'V3' 'V4' 'V5' 'V6' 'V7' 'V8' 'V9' 'V10' 'V11' 'V12' 'V13'
 'V14' 'V15' 'V16' 'V17' 'V18' 'V19' 'V20']","['V1' 'V2' 'V3' 'V4' 'V5' 'V6' 'V7' 'V8' 'V9' 'V10' 'V11' 'V12' 'V13'
 'V14' 'V15' 'V16' 'V17' 'V18' 'V19']","['V1' 'V2' 'V3' 'V4' 'V5' 'V6' 'V7' 'V8' 'V9' 'V10' 'V11' 'V12' 'V13'
 'V14' 'V15' 'V16' 'V17' 'V18' 'V19' 'V20']"
compas.csv,5278,20,16,19744,0.603839,0.599538,0.611379,0.609711,2.7157894736842105,2.336842105263158,11,5.0,2,2,2,8.0,2,2,0,3.5,"MLPClassifier(activation='logistic', alpha=1e-05, hidden_layer_sizes=2,
              max_iter=500, random_state=12345, solver='lbfgs')","MLPClassifier(activation='logistic', alpha=1e-05, hidden_layer_sizes=2,
              max_iter=500, random_state=12345, solver='lbfgs')",,,,,,,11,5,"['sex_0' 'sex_1' 'age' 'juv_misd_count' 'priors_count' 'age_cat_25-45_0'
 'age_cat_25-45_1' 'age_cat_Greaterthan45_1' 'age_cat_Lessthan25_0'
 'race_African-American_0' 'race_Caucasian_0']",['sex_1' 'age' 'priors_count' 'race_African-American_1' 'race_Caucasian_0'],"['sex_0' 'sex_1' 'age' 'juv_misd_count' 'priors_count' 'age_cat_25-45_0'
 'age_cat_25-45_1' 'age_cat_Greaterthan45_1' 'age_cat_Lessthan25_0'
 'race_African-American_0' 'race_Caucasian_0']",['sex_1' 'age' 'priors_count' 'race_African-American_1' 'race_Caucasian_0']
compas.csv,5278,20,17,20978,0.602996,0.602906,0.601287,0.599452,2.336842105263158,3.442105263157895,5,4.0,2,2,1,3.5,3,3,1,3.0,"MLPClassifier(activation='logistic', alpha=0.956388431849049,
              hidden_layer_sizes=2, max_iter=500, random_state=12345,
              solver='lbfgs')","MLPClassifier(activation='logistic', alpha=1.0458258840861963,
              hidden_layer_sizes=3, max_iter=500, random_state=12345,
              solver='lbfgs')",,,,,,,5,4,"['sex_0' 'age' 'priors_count' 'race_African-American_1'
 'c_charge_degree_F']",['sex_0' 'age' 'priors_count' 'race_Caucasian_1'],"['sex_0' 'age' 'priors_count' 'race_African-American_1'
 'c_charge_degree_F']",['sex_0' 'age' 'priors_count' 'race_Caucasian_1']
Titanic.csv,2201,4,17,20978,0.466874,0.466874,0.521315,0.521315,12.0,12.0,3,3.0,6,6,3,2.1666666666666665,6,6,3,2.1666666666666665,"MLPClassifier(activation='logistic', alpha=1e-05, hidden_layer_sizes=6,
              max_iter=500, random_state=12345, solver='lbfgs')","MLPClassifier(activation='logistic', alpha=1e-05, hidden_layer_sizes=6,
              max_iter=500, random_state=12345, solver='lbfgs')",,,,,,,3,3,['Class' 'Age' 'Sex'],['Class' 'Age' 'Sex'],['Class' 'Age' 'Sex'],['Class' 'Age' 'Sex']
Long.csv,4477,20,17,20978,0.000364,0.000398,0.001624,0.00252,1.1052631578947367,1.0842105263157895,5,4.0,1,1,0,4.0,1,1,0,3.0,"MLPClassifier(activation='logistic', alpha=1e-05, hidden_layer_sizes=1,
              max_iter=500, random_state=12345, solver='lbfgs')","MLPClassifier(activation='logistic', alpha=1e-05, hidden_layer_sizes=1,
              max_iter=500, random_state=12345, solver='lbfgs')",,,,,,,5,4,['x1' 'x3' 'x8' 'x12' 'x18'],['x3' 'x11' 'x12' 'x18'],['x1' 'x3' 'x8' 'x12' 'x18'],['x3' 'x11' 'x12' 'x18']
twonorm.csv,7400,21,16,19744,0.059609,0.060036,0.066165,0.066715,1.4,1.4,20,20.0,1,1,0,15.0,1,1,0,15.0,"MLPClassifier(activation='logistic', alpha=0.01244144748264038,
              hidden_layer_sizes=1, max_iter=500, random_state=12345,
              solver='lbfgs')","MLPClassifier(activation='logistic', alpha=0.06277366830162749,
              hidden_layer_sizes=1, max_iter=500, random_state=12345,
              solver='lbfgs')",,,,,,,20,20,"['V1' 'V2' 'V3' 'V4' 'V5' 'V6' 'V7' 'V8' 'V9' 'V10' 'V11' 'V12' 'V13'
 'V14' 'V15' 'V16' 'V17' 'V18' 'V19' 'V20']","['V1' 'V2' 'V3' 'V4' 'V5' 'V6' 'V7' 'V8' 'V9' 'V10' 'V11' 'V12' 'V13'
 'V14' 'V15' 'V16' 'V17' 'V18' 'V19' 'V20']","['V1' 'V2' 'V3' 'V4' 'V5' 'V6' 'V7' 'V8' 'V9' 'V10' 'V11' 'V12' 'V13'
 'V14' 'V15' 'V16' 'V17' 'V18' 'V19' 'V20']","['V1' 'V2' 'V3' 'V4' 'V5' 'V6' 'V7' 'V8' 'V9' 'V10' 'V11' 'V12' 'V13'
 'V14' 'V15' 'V16' 'V17' 'V18' 'V19' 'V20']"
Long.csv,4477,20,18,22212,0.00013,0.00013,0.003821,0.003821,1.1052631578947367,1.1052631578947367,5,5.0,1,1,0,4.0,1,1,0,4.0,"MLPClassifier(activation='logistic', alpha=1e-05, hidden_layer_sizes=1,
              max_iter=500, random_state=12345, solver='lbfgs')","MLPClassifier(activation='logistic', alpha=1e-05, hidden_layer_sizes=1,
              max_iter=500, random_state=12345, solver='lbfgs')",,,,,,,5,5,['x3' 'x7' 'x12' 'x13' 'x18'],['x3' 'x7' 'x12' 'x13' 'x18'],['x3' 'x7' 'x12' 'x13' 'x18'],['x3' 'x7' 'x12' 'x13' 'x18']
Titanic.csv,2201,4,18,22212,0.490274,0.490277,0.465447,0.465447,10.0,10.0,3,3.0,5,5,3,2.2,5,5,3,2.2,"MLPClassifier(activation='logistic', alpha=1.0000000000000003e-05,
              hidden_layer_sizes=5, max_iter=500, random_state=12345,
              solver='lbfgs')","MLPClassifier(activation='logistic', alpha=1e-05, hidden_layer_sizes=5,
              max_iter=500, random_state=12345, solver='lbfgs')",,,,,,,3,3,['Class' 'Age' 'Sex'],['Class' 'Age' 'Sex'],['Class' 'Age' 'Sex'],['Class' 'Age' 'Sex']
twonorm.csv,7400,21,17,20978,0.061114,0.060836,0.060707,0.060302,14.3,19.599999999999998,20,20.0,10,10,0,15.0,14,14,0,15.0,"MLPClassifier(activation='logistic', alpha=2.8963440591416685,
              hidden_layer_sizes=10, max_iter=500, random_state=12345,
              solver='lbfgs')","MLPClassifier(activation='logistic', alpha=3.133329511322267,
              hidden_layer_sizes=14, max_iter=500, random_state=12345,
              solver='lbfgs')",,,,,,,20,20,"['V1' 'V2' 'V3' 'V4' 'V5' 'V6' 'V7' 'V8' 'V9' 'V10' 'V11' 'V12' 'V13'
 'V14' 'V15' 'V16' 'V17' 'V18' 'V19' 'V20']","['V1' 'V2' 'V3' 'V4' 'V5' 'V6' 'V7' 'V8' 'V9' 'V10' 'V11' 'V12' 'V13'
 'V14' 'V15' 'V16' 'V17' 'V18' 'V19' 'V20']","['V1' 'V2' 'V3' 'V4' 'V5' 'V6' 'V7' 'V8' 'V9' 'V10' 'V11' 'V12' 'V13'
 'V14' 'V15' 'V16' 'V17' 'V18' 'V19' 'V20']","['V1' 'V2' 'V3' 'V4' 'V5' 'V6' 'V7' 'V8' 'V9' 'V10' 'V11' 'V12' 'V13'
 'V14' 'V15' 'V16' 'V17' 'V18' 'V19' 'V20']"
Titanic.csv,2201,4,19,23446,0.492478,0.492478,0.476676,0.476676,8.0,8.0,3,3.0,4,4,2,2.25,4,4,2,2.25,"MLPClassifier(activation='logistic', alpha=1.0000000000000003e-05,
              hidden_layer_sizes=4, max_iter=500, random_state=12345,
              solver='lbfgs')","MLPClassifier(activation='logistic', alpha=1.0000000000000003e-05,
              hidden_layer_sizes=4, max_iter=500, random_state=12345,
              solver='lbfgs')",,,,,,,3,3,['Class' 'Age' 'Sex'],['Class' 'Age' 'Sex'],['Class' 'Age' 'Sex'],['Class' 'Age' 'Sex']
compas.csv,5278,20,18,22212,0.609649,0.606471,0.591206,0.593346,2.442105263157895,9.010526315789473,6,3.0,2,2,2,4.5,9,8,2,2.25,"MLPClassifier(activation='logistic', alpha=1e-05, hidden_layer_sizes=2,
              max_iter=500, random_state=12345, solver='lbfgs')","MLPClassifier(activation='logistic', alpha=0.4281061774451906,
              hidden_layer_sizes=9, max_iter=500, random_state=12345,
              solver='lbfgs')",,,,,,,6,3,"['sex_0' 'age' 'priors_count' 'age_cat_Greaterthan45_1' 'race_Caucasian_1'
 'c_charge_degree_M']",['sex_1' 'age' 'priors_count'],"['sex_0' 'age' 'priors_count' 'age_cat_Greaterthan45_1' 'race_Caucasian_1'
 'c_charge_degree_M']",['sex_1' 'age' 'priors_count']
twonorm.csv,7400,21,18,22212,0.064488,0.064005,0.053495,0.054459,1.4,18.2,20,20.0,1,1,0,15.0,13,13,0,15.0,"MLPClassifier(activation='logistic', alpha=0.0662625213918522,
              hidden_layer_sizes=1, max_iter=500, random_state=12345,
              solver='lbfgs')","MLPClassifier(activation='logistic', alpha=3.769237878139236,
              hidden_layer_sizes=13, max_iter=500, random_state=12345,
              solver='lbfgs')",,,,,,,20,20,"['V1' 'V2' 'V3' 'V4' 'V5' 'V6' 'V7' 'V8' 'V9' 'V10' 'V11' 'V12' 'V13'
 'V14' 'V15' 'V16' 'V17' 'V18' 'V19' 'V20']","['V1' 'V2' 'V3' 'V4' 'V5' 'V6' 'V7' 'V8' 'V9' 'V10' 'V11' 'V12' 'V13'
 'V14' 'V15' 'V16' 'V17' 'V18' 'V19' 'V20']","['V1' 'V2' 'V3' 'V4' 'V5' 'V6' 'V7' 'V8' 'V9' 'V10' 'V11' 'V12' 'V13'
 'V14' 'V15' 'V16' 'V17' 'V18' 'V19' 'V20']","['V1' 'V2' 'V3' 'V4' 'V5' 'V6' 'V7' 'V8' 'V9' 'V10' 'V11' 'V12' 'V13'
 'V14' 'V15' 'V16' 'V17' 'V18' 'V19' 'V20']"
Long.csv,4477,20,19,23446,0.000185,0.000185,0.000383,0.000383,1.063157894736842,1.063157894736842,3,3.0,1,1,0,2.0,1,1,0,2.0,"MLPClassifier(activation='logistic', alpha=1e-05, hidden_layer_sizes=1,
              max_iter=500, random_state=12345, solver='lbfgs')","MLPClassifier(activation='logistic', alpha=1e-05, hidden_layer_sizes=1,
              max_iter=500, random_state=12345, solver='lbfgs')",,,,,,,3,3,['x3' 'x12' 'x18'],['x3' 'x12' 'x18'],['x3' 'x12' 'x18'],['x3' 'x12' 'x18']
compas.csv,5278,20,19,23446,0.601042,0.599138,0.610511,0.612409,2.336842105263158,3.442105263157895,5,4.0,2,2,0,3.5,3,3,2,3.0,"MLPClassifier(activation='logistic', alpha=1e-05, hidden_layer_sizes=2,
              max_iter=500, random_state=12345, solver='lbfgs')","MLPClassifier(activation='logistic', alpha=1.2824285064176795,
              hidden_layer_sizes=3, max_iter=500, random_state=12345,
              solver='lbfgs')",,,,,,,5,4,['sex_0' 'age' 'priors_count' 'race_Caucasian_1' 'c_charge_degree_M'],['sex_1' 'age' 'priors_count' 'c_charge_degree_F'],['sex_0' 'age' 'priors_count' 'race_Caucasian_1' 'c_charge_degree_M'],['sex_1' 'age' 'priors_count' 'c_charge_degree_F']
Titanic.csv,2201,4,20,24680,0.485126,0.484063,0.477342,0.478485,28.0,12.0,3,3.0,14,14,3,2.2142857142857144,6,6,3,2.1666666666666665,"MLPClassifier(activation='logistic', alpha=1e-05, hidden_layer_sizes=14,
              max_iter=500, random_state=12345, solver='lbfgs')","MLPClassifier(activation='logistic', alpha=0.15595123883515644,
              hidden_layer_sizes=6, max_iter=500, random_state=12345,
              solver='lbfgs')",,,,,,,3,3,['Class' 'Age' 'Sex'],['Class' 'Age' 'Sex'],['Class' 'Age' 'Sex'],['Class' 'Age' 'Sex']
compas.csv,5278,20,20,24680,0.61253,0.611189,0.580257,0.582213,2.5052631578947366,3.347368421052632,9,4.0,2,2,1,6.5,3,3,1,3.0,"MLPClassifier(activation='logistic', alpha=1e-05, hidden_layer_sizes=2,
              max_iter=500, random_state=12345, solver='lbfgs')","MLPClassifier(activation='logistic', alpha=0.24360101148308538,
              hidden_layer_sizes=3, max_iter=500, random_state=12345,
              solver='lbfgs')",,,,,,,9,4,"['sex_1' 'age' 'priors_count' 'age_cat_25-45_1' 'age_cat_Greaterthan45_0'
 'age_cat_Lessthan25_0' 'age_cat_Lessthan25_1' 'race_African-American_1'
 'race_Caucasian_0']",['sex_0' 'age' 'priors_count' 'age_cat_Lessthan25_0'],"['sex_1' 'age' 'priors_count' 'age_cat_25-45_1' 'age_cat_Greaterthan45_0'
 'age_cat_Lessthan25_0' 'age_cat_Lessthan25_1' 'race_African-American_1'
 'race_Caucasian_0']",['sex_0' 'age' 'priors_count' 'age_cat_Lessthan25_0']
Long.csv,4477,20,20,24680,0.000227,0.000227,0.001729,0.006606,1.1052631578947367,1.1052631578947367,6,5.0,1,1,0,4.0,1,1,0,4.0,"MLPClassifier(activation='logistic', alpha=1e-05, hidden_layer_sizes=1,
              max_iter=500, random_state=12345, solver='lbfgs')","MLPClassifier(activation='logistic', alpha=1.0000000000000003e-05,
              hidden_layer_sizes=1, max_iter=500, random_state=12345,
              solver='lbfgs')",,,,,,,5,5,['x2' 'x7' 'x12' 'x16' 'x18'],['x0' 'x1' 'x2' 'x12' 'x18'],['x1' 'x2' 'x7' 'x12' 'x16' 'x18'],['x0' 'x1' 'x2' 'x12' 'x18']
twonorm.csv,7400,21,19,23446,0.060555,0.060327,0.06598,0.061023,13.58,14.0,20,20.0,7,7,10,15.0,10,10,0,15.0,"MLPClassifier(activation='logistic', alpha=1.7848205672744812,
              hidden_layer_sizes=7, max_iter=500, random_state=12345,
              solver='lbfgs')","MLPClassifier(activation='logistic', alpha=3.506676215756758,
              hidden_layer_sizes=10, max_iter=500, random_state=12345,
              solver='lbfgs')",,,,,,,20,20,"['V1' 'V2' 'V3' 'V4' 'V5' 'V6' 'V7' 'V8' 'V9' 'V10' 'V11' 'V12' 'V13'
 'V14' 'V15' 'V16' 'V17' 'V18' 'V19' 'V20']","['V1' 'V2' 'V3' 'V4' 'V5' 'V6' 'V7' 'V8' 'V9' 'V10' 'V11' 'V12' 'V13'
 'V14' 'V15' 'V16' 'V17' 'V18' 'V19' 'V20']","['V1' 'V2' 'V3' 'V4' 'V5' 'V6' 'V7' 'V8' 'V9' 'V10' 'V11' 'V12' 'V13'
 'V14' 'V15' 'V16' 'V17' 'V18' 'V19' 'V20']","['V1' 'V2' 'V3' 'V4' 'V5' 'V6' 'V7' 'V8' 'V9' 'V10' 'V11' 'V12' 'V13'
 'V14' 'V15' 'V16' 'V17' 'V18' 'V19' 'V20']"
Long.csv,4477,20,21,25914,0.000318,0.000318,0.0,0.0,1.0421052631578946,1.0421052631578946,2,2.0,1,1,0,1.0,1,1,0,1.0,"MLPClassifier(activation='logistic', alpha=1e-05, hidden_layer_sizes=1,
              max_iter=500, random_state=12345, solver='lbfgs')","MLPClassifier(activation='logistic', alpha=1e-05, hidden_layer_sizes=1,
              max_iter=500, random_state=12345, solver='lbfgs')",,,,,,,2,2,['x12' 'x18'],['x12' 'x18'],['x12' 'x18'],['x12' 'x18']
Titanic.csv,2201,4,21,25914,0.489857,0.489857,0.469049,0.469049,20.0,20.0,3,3.0,12,10,3,2.2,12,10,3,2.2,"MLPClassifier(activation='logistic', alpha=1e-05, hidden_layer_sizes=12,
              max_iter=500, random_state=12345, solver='lbfgs')","MLPClassifier(activation='logistic', alpha=1e-05, hidden_layer_sizes=12,
              max_iter=500, random_state=12345, solver='lbfgs')",,,,,,,3,3,['Class' 'Age' 'Sex'],['Class' 'Age' 'Sex'],['Class' 'Age' 'Sex'],['Class' 'Age' 'Sex']
twonorm.csv,7400,21,20,24680,0.06288,0.062842,0.055051,0.057179,1.4,22.92,20,20.0,1,1,0,15.0,12,12,11,15.0,"MLPClassifier(activation='logistic', alpha=0.011409298593082422,
              hidden_layer_sizes=1, max_iter=500, random_state=12345,
              solver='lbfgs')","MLPClassifier(activation='logistic', alpha=2.362718633432203,
              hidden_layer_sizes=12, max_iter=500, random_state=12345,
              solver='lbfgs')",,,,,,,20,20,"['V1' 'V2' 'V3' 'V4' 'V5' 'V6' 'V7' 'V8' 'V9' 'V10' 'V11' 'V12' 'V13'
 'V14' 'V15' 'V16' 'V17' 'V18' 'V19' 'V20']","['V1' 'V2' 'V3' 'V4' 'V5' 'V6' 'V7' 'V8' 'V9' 'V10' 'V11' 'V12' 'V13'
 'V14' 'V15' 'V16' 'V17' 'V18' 'V19' 'V20']","['V1' 'V2' 'V3' 'V4' 'V5' 'V6' 'V7' 'V8' 'V9' 'V10' 'V11' 'V12' 'V13'
 'V14' 'V15' 'V16' 'V17' 'V18' 'V19' 'V20']","['V1' 'V2' 'V3' 'V4' 'V5' 'V6' 'V7' 'V8' 'V9' 'V10' 'V11' 'V12' 'V13'
 'V14' 'V15' 'V16' 'V17' 'V18' 'V19' 'V20']"
compas.csv,5278,20,21,25914,0.59782,0.596524,0.612947,0.613729,2.2315789473684213,12.010526315789473,4,7.0,2,2,0,3.0,9,9,6,5.111111111111111,"MLPClassifier(activation='logistic', alpha=0.5727952888901904,
              hidden_layer_sizes=2, max_iter=500, random_state=12345,
              solver='lbfgs')","MLPClassifier(activation='logistic', alpha=1.8786696844499664,
              hidden_layer_sizes=9, max_iter=500, random_state=12345,
              solver='lbfgs')",,,,,,,4,7,['sex_1' 'age' 'priors_count' 'race_Caucasian_0'],"['sex_1' 'age' 'juv_misd_count' 'juv_other_count' 'priors_count'
 'age_cat_Lessthan25_1' 'race_African-American_1']",['sex_1' 'age' 'priors_count' 'race_Caucasian_0'],"['sex_1' 'age' 'juv_misd_count' 'juv_other_count' 'priors_count'
 'age_cat_Lessthan25_1' 'race_African-American_1']"
Titanic.csv,2201,4,22,27148,0.492841,0.492841,0.46947,0.46947,26.0,26.0,3,3.0,14,13,3,2.230769230769231,14,13,3,2.230769230769231,"MLPClassifier(activation='logistic', alpha=1e-05, hidden_layer_sizes=14,
              max_iter=500, random_state=12345, solver='lbfgs')","MLPClassifier(activation='logistic', alpha=1e-05, hidden_layer_sizes=14,
              max_iter=500, random_state=12345, solver='lbfgs')",,,,,,,3,3,['Class' 'Age' 'Sex'],['Class' 'Age' 'Sex'],['Class' 'Age' 'Sex'],['Class' 'Age' 'Sex']
Long.csv,4477,20,22,27148,0.000447,0.000494,0.000242,0.000219,1.063157894736842,1.063157894736842,3,3.0,1,1,0,2.0,1,1,0,2.0,"MLPClassifier(activation='logistic', alpha=2.5132552325545816e-05,
              hidden_layer_sizes=1, max_iter=500, random_state=12345,
              solver='lbfgs')","MLPClassifier(activation='logistic', alpha=1e-05, hidden_layer_sizes=1,
              max_iter=500, random_state=12345, solver='lbfgs')",,,,,,,3,3,['x12' 'x13' 'x18'],['x12' 'x13' 'x18'],['x12' 'x13' 'x18'],['x12' 'x13' 'x18']
twonorm.csv,7400,21,21,25914,0.062179,0.060386,0.061087,0.061302,1.4,24.639999999999997,20,20.0,1,1,0,15.0,14,14,7,15.0,"MLPClassifier(activation='logistic', alpha=0.13110502069516516,
              hidden_layer_sizes=1, max_iter=500, random_state=12345,
              solver='lbfgs')","MLPClassifier(activation='logistic', alpha=2.3253481470249695,
              hidden_layer_sizes=14, max_iter=500, random_state=12345,
              solver='lbfgs')",,,,,,,20,20,"['V1' 'V2' 'V3' 'V4' 'V5' 'V6' 'V7' 'V8' 'V9' 'V10' 'V11' 'V12' 'V13'
 'V14' 'V15' 'V16' 'V17' 'V18' 'V19' 'V20']","['V1' 'V2' 'V3' 'V4' 'V5' 'V6' 'V7' 'V8' 'V9' 'V10' 'V11' 'V12' 'V13'
 'V14' 'V15' 'V16' 'V17' 'V18' 'V19' 'V20']","['V1' 'V2' 'V3' 'V4' 'V5' 'V6' 'V7' 'V8' 'V9' 'V10' 'V11' 'V12' 'V13'
 'V14' 'V15' 'V16' 'V17' 'V18' 'V19' 'V20']","['V1' 'V2' 'V3' 'V4' 'V5' 'V6' 'V7' 'V8' 'V9' 'V10' 'V11' 'V12' 'V13'
 'V14' 'V15' 'V16' 'V17' 'V18' 'V19' 'V20']"
compas.csv,5278,20,22,27148,0.601829,0.601358,0.602538,0.603745,2.5473684210526315,3.28421052631579,7,3.0,2,2,2,5.0,3,3,1,2.3333333333333335,"MLPClassifier(activation='logistic', alpha=1.073759068493088,
              hidden_layer_sizes=2, max_iter=500, random_state=12345,
              solver='lbfgs')","MLPClassifier(activation='logistic', alpha=0.399226920085773,
              hidden_layer_sizes=3, max_iter=500, random_state=12345,
              solver='lbfgs')",,,,,,,7,3,"['sex_1' 'age' 'juv_misd_count' 'juv_other_count' 'priors_count'
 'age_cat_Greaterthan45_1' 'age_cat_Lessthan25_1']",['sex_1' 'age' 'priors_count'],"['sex_1' 'age' 'juv_misd_count' 'juv_other_count' 'priors_count'
 'age_cat_Greaterthan45_1' 'age_cat_Lessthan25_1']",['sex_1' 'age' 'priors_count']
Long.csv,4477,20,23,28382,0.000161,0.000161,7.1e-05,7.1e-05,2.0842105263157893,2.0842105263157893,2,2.0,2,2,0,1.5,2,2,0,1.5,"MLPClassifier(activation='logistic', alpha=1.0000000000000004e-05,
              hidden_layer_sizes=2, max_iter=500, random_state=12345,
              solver='lbfgs')","MLPClassifier(activation='logistic', alpha=1.0000000000000003e-05,
              hidden_layer_sizes=2, max_iter=500, random_state=12345,
              solver='lbfgs')",,,,,,,2,2,['x12' 'x18'],['x12' 'x18'],['x12' 'x18'],['x12' 'x18']
Titanic.csv,2201,4,23,28382,0.491266,0.491266,0.463293,0.463293,28.0,28.0,3,3.0,14,14,3,2.2142857142857144,14,14,3,2.2142857142857144,"MLPClassifier(activation='logistic', alpha=1e-05, hidden_layer_sizes=14,
              max_iter=500, random_state=12345, solver='lbfgs')","MLPClassifier(activation='logistic', alpha=1.0000000000000004e-05,
              hidden_layer_sizes=14, max_iter=500, random_state=12345,
              solver='lbfgs')",,,,,,,3,3,['Class' 'Age' 'Sex'],['Class' 'Age' 'Sex'],['Class' 'Age' 'Sex'],['Class' 'Age' 'Sex']
compas.csv,5278,20,23,28382,0.605832,0.605532,0.59436,0.595551,2.905263157894737,2.463157894736842,11,7.0,2,2,3,8.0,2,2,1,5.0,"MLPClassifier(activation='logistic', alpha=1.8238128670856417,
              hidden_layer_sizes=2, max_iter=500, random_state=12345,
              solver='lbfgs')","MLPClassifier(activation='logistic', alpha=0.36075588470034786,
              hidden_layer_sizes=2, max_iter=500, random_state=12345,
              solver='lbfgs')",,,,,,,11,7,"['sex_1' 'age' 'juv_misd_count' 'juv_other_count' 'priors_count'
 'age_cat_25-45_0' 'age_cat_Lessthan25_1' 'race_African-American_0'
 'race_African-American_1' 'race_Caucasian_1' 'c_charge_degree_M']","['sex_0' 'sex_1' 'age' 'priors_count' 'race_African-American_0'
 'race_Caucasian_0' 'c_charge_degree_M']","['sex_1' 'age' 'juv_misd_count' 'juv_other_count' 'priors_count'
 'age_cat_25-45_0' 'age_cat_Lessthan25_1' 'race_African-American_0'
 'race_African-American_1' 'race_Caucasian_1' 'c_charge_degree_M']","['sex_0' 'sex_1' 'age' 'priors_count' 'race_African-American_0'
 'race_Caucasian_0' 'c_charge_degree_M']"
twonorm.csv,7400,21,22,27148,0.063288,0.058322,0.071019,0.067562,1.38,21.0,19,20.0,1,1,0,14.0,15,15,0,15.0,"MLPClassifier(activation='logistic', alpha=1e-05, hidden_layer_sizes=1,
              max_iter=500, random_state=12345, solver='lbfgs')","MLPClassifier(activation='logistic', alpha=4.182202688503721,
              hidden_layer_sizes=15, max_iter=500, random_state=12345,
              solver='lbfgs')",,,,,,,19,20,"['V1' 'V2' 'V3' 'V4' 'V5' 'V6' 'V7' 'V8' 'V9' 'V10' 'V11' 'V12' 'V13'
 'V14' 'V15' 'V16' 'V17' 'V19' 'V20']","['V1' 'V2' 'V3' 'V4' 'V5' 'V6' 'V7' 'V8' 'V9' 'V10' 'V11' 'V12' 'V13'
 'V14' 'V15' 'V16' 'V17' 'V18' 'V19' 'V20']","['V1' 'V2' 'V3' 'V4' 'V5' 'V6' 'V7' 'V8' 'V9' 'V10' 'V11' 'V12' 'V13'
 'V14' 'V15' 'V16' 'V17' 'V19' 'V20']","['V1' 'V2' 'V3' 'V4' 'V5' 'V6' 'V7' 'V8' 'V9' 'V10' 'V11' 'V12' 'V13'
 'V14' 'V15' 'V16' 'V17' 'V18' 'V19' 'V20']"
compas.csv,5278,20,24,29616,0.598837,0.598491,0.610243,0.609578,2.336842105263158,3.6000000000000005,5,5.0,2,2,0,3.5,3,3,3,3.6666666666666665,"MLPClassifier(activation='logistic', alpha=0.1799036863261625,
              hidden_layer_sizes=2, max_iter=500, random_state=12345,
              solver='lbfgs')","MLPClassifier(activation='logistic', alpha=1.2102484452506208,
              hidden_layer_sizes=3, max_iter=500, random_state=12345,
              solver='lbfgs')",,,,,,,5,5,['sex_0' 'sex_1' 'age' 'priors_count' 'race_Caucasian_0'],['sex_0' 'age' 'priors_count' 'age_cat_Lessthan25_1' 'race_Caucasian_1'],['sex_0' 'sex_1' 'age' 'priors_count' 'race_Caucasian_0'],['sex_0' 'age' 'priors_count' 'age_cat_Lessthan25_1' 'race_Caucasian_1']
Titanic.csv,2201,4,24,29616,0.487262,0.489238,0.474515,0.474474,12.0,20.0,3,3.0,6,6,3,2.1666666666666665,11,10,3,2.2,"MLPClassifier(activation='logistic', alpha=0.07956874203391855,
              hidden_layer_sizes=6, max_iter=500, random_state=12345,
              solver='lbfgs')","MLPClassifier(activation='logistic', alpha=1e-05, hidden_layer_sizes=11,
              max_iter=500, random_state=12345, solver='lbfgs')",,,,,,,3,3,['Class' 'Age' 'Sex'],['Class' 'Age' 'Sex'],['Class' 'Age' 'Sex'],['Class' 'Age' 'Sex']
Long.csv,4477,20,24,29616,0.000218,0.000609,0.001211,0.001936,1.0842105263157895,3.3789473684210525,4,3.0,1,1,0,3.0,3,3,0,2.3333333333333335,"MLPClassifier(activation='logistic', alpha=1e-05, hidden_layer_sizes=1,
              max_iter=500, random_state=12345, solver='lbfgs')","MLPClassifier(activation='logistic', alpha=1e-05, hidden_layer_sizes=3,
              max_iter=500, random_state=12345, solver='lbfgs')",,,,,,,4,3,['x3' 'x7' 'x12' 'x18'],['x3' 'x12' 'x18'],['x3' 'x7' 'x12' 'x18'],['x3' 'x12' 'x18']
twonorm.csv,7400,21,23,28382,0.063841,0.067612,0.05259,0.059085,1.4,1.38,20,19.0,1,1,0,15.0,1,1,0,14.0,"MLPClassifier(activation='logistic', alpha=0.009135338925717752,
              hidden_layer_sizes=1, max_iter=500, random_state=12345,
              solver='lbfgs')","MLPClassifier(activation='logistic', alpha=1e-05, hidden_layer_sizes=1,
              max_iter=500, random_state=12345, solver='lbfgs')",,,,,,,20,19,"['V1' 'V2' 'V3' 'V4' 'V5' 'V6' 'V7' 'V8' 'V9' 'V10' 'V11' 'V12' 'V13'
 'V14' 'V15' 'V16' 'V17' 'V18' 'V19' 'V20']","['V1' 'V2' 'V3' 'V4' 'V5' 'V6' 'V7' 'V8' 'V9' 'V10' 'V11' 'V13' 'V14'
 'V15' 'V16' 'V17' 'V18' 'V19' 'V20']","['V1' 'V2' 'V3' 'V4' 'V5' 'V6' 'V7' 'V8' 'V9' 'V10' 'V11' 'V12' 'V13'
 'V14' 'V15' 'V16' 'V17' 'V18' 'V19' 'V20']","['V1' 'V2' 'V3' 'V4' 'V5' 'V6' 'V7' 'V8' 'V9' 'V10' 'V11' 'V13' 'V14'
 'V15' 'V16' 'V17' 'V18' 'V19' 'V20']"
twonorm.csv,7400,21,24,29616,0.056658,0.056393,0.069231,0.069629,18.98,22.96,20,20.0,13,13,0,15.0,14,14,7,15.0,"MLPClassifier(activation='logistic', alpha=3.1181668996066914,
              hidden_layer_sizes=13, max_iter=500, random_state=12345,
              solver='lbfgs')","MLPClassifier(activation='logistic', alpha=2.3708144759452576,
              hidden_layer_sizes=14, max_iter=500, random_state=12345,
              solver='lbfgs')",,,,,,,20,20,"['V1' 'V2' 'V3' 'V4' 'V5' 'V6' 'V7' 'V8' 'V9' 'V10' 'V11' 'V12' 'V13'
 'V14' 'V15' 'V16' 'V17' 'V18' 'V19' 'V20']","['V1' 'V2' 'V3' 'V4' 'V5' 'V6' 'V7' 'V8' 'V9' 'V10' 'V11' 'V12' 'V13'
 'V14' 'V15' 'V16' 'V17' 'V18' 'V19' 'V20']","['V1' 'V2' 'V3' 'V4' 'V5' 'V6' 'V7' 'V8' 'V9' 'V10' 'V11' 'V12' 'V13'
 'V14' 'V15' 'V16' 'V17' 'V18' 'V19' 'V20']","['V1' 'V2' 'V3' 'V4' 'V5' 'V6' 'V7' 'V8' 'V9' 'V10' 'V11' 'V12' 'V13'
 'V14' 'V15' 'V16' 'V17' 'V18' 'V19' 'V20']"
